terrain,position,pos_key,dist_mm,lights,lighting,exposure_ms,phase_deg,mean_dn,std_dn,frac_dark,frac_sat,coverage,med_err_mm,p75_err_mm,p95_err_mm,n_valid
Terrain11_FreshCrater,PosA_1500_Loff,PosA,1500,Loff,NoSun,1024,,1.29,1.15,1.0,0.0,0.0002,,,,348
Terrain11_FreshCrater,PosA_1500_Loff,PosA,1500,Loff,NoSun,128,,0.62,0.82,1.0,0.0,0.0007,,,,1053
Terrain11_FreshCrater,PosA_1500_Loff,PosA,1500,Loff,NoSun,2048,,2.04,1.76,1.0,0.0,0.0009,,,,1346
Terrain11_FreshCrater,PosA_1500_Loff,PosA,1500,Loff,NoSun,256,,0.73,0.84,1.0,0.0,0.0011,,,,1615
Terrain11_FreshCrater,PosA_1500_Loff,PosA,1500,Loff,NoSun,32,,0.56,0.81,1.0,0.0,0.0008,,,,1168
Terrain11_FreshCrater,PosA_1500_Loff,PosA,1500,Loff,NoSun,4096,,3.63,3.17,0.9996,0.0,0.0025,,,,3675
Terrain11_FreshCrater,PosA_1500_Loff,PosA,1500,Loff,NoSun,512,,0.91,0.92,1.0,0.0,0.0014,,,,2037
Terrain11_FreshCrater,PosA_1500_Loff,PosA,1500,Loff,NoSun,64,,0.56,0.81,1.0,0.0,0.0011,,,,1563
Terrain11_FreshCrater,PosA_1500_Loff,PosA,1500,Loff,NoSun,8192,,5.9,5.84,0.9994,0.0,0.0004,,,,626
Terrain11_FreshCrater,PosA_1500_Loff,PosA,1500,Loff,Sun_180,1024,174.79,1946.54,1243.94,0.0,0.1508,0.4013,22.22,33.85,107.64,586271
Terrain11_FreshCrater,PosA_1500_Loff,PosA,1500,Loff,Sun_180,128,174.79,310.53,392.16,0.0,0.003,0.4635,22.99,34.95,114.5,677085
Terrain11_FreshCrater,PosA_1500_Loff,PosA,1500,Loff,Sun_180,2048,174.79,2873.45,1139.24,0.0,0.3721,0.3495,23.72,39.22,280.78,510574
Terrain11_FreshCrater,PosA_1500_Loff,PosA,1500,Loff,Sun_180,256,174.79,599.17,620.46,0.0,0.0091,0.4631,22.62,34.29,107.23,676486
Terrain11_FreshCrater,PosA_1500_Loff,PosA,1500,Loff,Sun_180,32,174.79,79.22,129.21,0.432,0.0002,0.4463,23.5,35.57,92.34,652012
Terrain11_FreshCrater,PosA_1500_Loff,PosA,1500,Loff,Sun_180,512,174.79,1130.19,967.72,0.0,0.0371,0.4401,21.7,32.84,90.68,642952
Terrain11_FreshCrater,PosA_1500_Loff,PosA,1500,Loff,Sun_180,64,174.79,157.52,230.87,0.1242,0.0005,0.4577,23.27,35.11,110.16,668597
Terrain11_FreshCrater,PosA_1500_Loff,PosA,1500,Loff,Sun_270,1024,91.35,768.47,928.46,0.0,0.0206,0.6974,12.21,27.54,79.81,1018833
Terrain11_FreshCrater,PosA_1500_Loff,PosA,1500,Loff,Sun_270,128,91.35,100.85,146.63,0.491,0.0,0.6604,12.02,28.1,89.9,964747
Terrain11_FreshCrater,PosA_1500_Loff,PosA,1500,Loff,Sun_270,2048,91.35,1334.65,1337.91,0.0,0.1061,0.7268,10.88,25.9,72.03,1061806
Terrain11_FreshCrater,PosA_1500_Loff,PosA,1500,Loff,Sun_270,256,91.35,202.07,290.93,0.3579,0.0007,0.6732,12.24,28.22,96.19,983427
Terrain11_FreshCrater,PosA_1500_Loff,PosA,1500,Loff,Sun_270,32,91.35,25.34,36.48,0.8007,0.0,0.6194,11.38,28.16,93.61,904783
Terrain11_FreshCrater,PosA_1500_Loff,PosA,1500,Loff,Sun_270,512,91.35,399.8,533.0,0.0701,0.0029,0.6826,12.24,27.56,88.31,997213
Terrain11_FreshCrater,PosA_1500_Loff,PosA,1500,Loff,Sun_270,64,91.35,50.43,73.21,0.6208,0.0,0.6437,11.83,28.29,96.14,940339
Terrain11_FreshCrater,PosA_1500_Loff,PosA,1500,Loff,Sun_30,1024,24.01,2269.55,1431.34,0.0,0.2445,0.6148,19.62,33.8,100.7,898101
Terrain11_FreshCrater,PosA_1500_Loff,PosA,1500,Loff,Sun_30,128,24.01,376.43,408.51,0.0722,0.0,0.7702,23.01,46.7,275.71,1125175
Terrain11_FreshCrater,PosA_1500_Loff,PosA,1500,Loff,Sun_30,2048,24.01,3007.38,1361.0,0.0,0.528,0.5217,30.05,58.38,218.33,762139
Terrain11_FreshCrater,PosA_1500_Loff,PosA,1500,Loff,Sun_30,256,24.01,735.99,727.05,0.0005,0.0169,0.7652,21.82,42.6,263.49,1117893
Terrain11_FreshCrater,PosA_1500_Loff,PosA,1500,Loff,Sun_30,32,24.01,94.08,102.73,0.3378,0.0,0.7581,23.5,48.63,259.4,1107510
Terrain11_FreshCrater,PosA_1500_Loff,PosA,1500,Loff,Sun_30,512,24.01,1366.29,1096.38,0.0,0.0393,0.7174,18.58,32.66,184.36,1048015
Terrain11_FreshCrater,PosA_1500_Loff,PosA,1500,Loff,Sun_30,64,24.01,188.32,205.67,0.1978,0.0,0.7669,23.22,47.74,273.75,1120361
Terrain11_FreshCrater,PosA_1500_Loff,PosA,1500,Loff,Sun_350,1024,10.12,2147.67,1394.26,0.0,0.2054,0.5482,25.11,40.42,95.07,800826
Terrain11_FreshCrater,PosA_1500_Loff,PosA,1500,Loff,Sun_350,128,10.12,399.09,551.03,0.0301,0.0075,0.3705,29.06,49.4,362.8,541262
Terrain11_FreshCrater,PosA_1500_Loff,PosA,1500,Loff,Sun_350,2048,10.12,2927.57,1347.26,0.0,0.5072,0.474,32.15,64.15,209.09,692414
Terrain11_FreshCrater,PosA_1500_Loff,PosA,1500,Loff,Sun_350,256,10.12,751.4,859.95,0.0,0.0172,0.674,29.32,58.49,357.13,984659
Terrain11_FreshCrater,PosA_1500_Loff,PosA,1500,Loff,Sun_350,32,10.12,100.41,143.64,0.3917,0.0,0.3131,29.2,54.35,506.94,457365
Terrain11_FreshCrater,PosA_1500_Loff,PosA,1500,Loff,Sun_350,512,10.12,1300.93,1106.53,0.0,0.0669,0.6234,23.6,40.31,196.9,910646
Terrain11_FreshCrater,PosA_1500_Loff,PosA,1500,Loff,Sun_350,64,10.12,200.87,286.66,0.1969,0.0,0.3475,29.25,51.49,432.05,507670
Terrain11_FreshCrater,PosA_1500_Lon,PosA,1500,Lon,NoSun,1024,,46.5,55.02,0.6148,0.0,0.3974,21.63,75.32,377.56,580510
Terrain11_FreshCrater,PosA_1500_Lon,PosA,1500,Lon,NoSun,128,,6.21,6.94,0.9987,0.0,0.0882,,,,128858
Terrain11_FreshCrater,PosA_1500_Lon,PosA,1500,Lon,NoSun,2048,,92.84,110.3,0.4392,0.0,0.4915,17.86,56.52,302.81,718008
Terrain11_FreshCrater,PosA_1500_Lon,PosA,1500,Lon,NoSun,256,,11.92,13.75,0.9489,0.0,0.1692,,,,247137
Terrain11_FreshCrater,PosA_1500_Lon,PosA,1500,Lon,NoSun,32,,1.93,1.93,1.0,0.0,0.0241,,,,35210
Terrain11_FreshCrater,PosA_1500_Lon,PosA,1500,Lon,NoSun,4096,,185.7,220.92,0.3075,0.0,0.566,14.71,41.45,243.79,826786
Terrain11_FreshCrater,PosA_1500_Lon,PosA,1500,Lon,NoSun,512,,23.42,27.46,0.805,0.0,0.2763,29.32,121.57,399.11,403577
Terrain11_FreshCrater,PosA_1500_Lon,PosA,1500,Lon,NoSun,64,,3.35,3.56,1.0,0.0,0.0496,,,,72433
Terrain11_FreshCrater,PosA_1500_Lon,PosA,1500,Lon,NoSun,8192,,371.09,440.56,0.1811,0.0,0.6233,13.76,36.6,183.46,910559
Terrain11_FreshCrater,PosA_1500_Lon,PosA,1500,Lon,Sun_180,1024,174.79,1971.61,1234.52,0.0,0.1541,0.3991,19.1,30.83,105.98,582975
Terrain11_FreshCrater,PosA_1500_Lon,PosA,1500,Lon,Sun_180,128,174.79,309.68,380.13,0.0,0.0026,0.4598,19.87,31.88,109.99,671741
Terrain11_FreshCrater,PosA_1500_Lon,PosA,1500,Lon,Sun_180,2048,174.79,2912.59,1117.69,0.0,0.379,0.3488,20.82,36.9,305.64,509509
Terrain11_FreshCrater,PosA_1500_Lon,PosA,1500,Lon,Sun_180,256,174.79,605.24,612.45,0.0,0.0085,0.462,19.63,31.76,109.13,674843
Terrain11_FreshCrater,PosA_1500_Lon,PosA,1500,Lon,Sun_180,32,174.79,79.73,125.31,0.419,0.0002,0.4493,20.62,33.02,108.81,656298
Terrain11_FreshCrater,PosA_1500_Lon,PosA,1500,Lon,Sun_180,512,174.79,1144.31,960.99,0.0,0.0365,0.4378,18.61,29.89,86.46,639598
Terrain11_FreshCrater,PosA_1500_Lon,PosA,1500,Lon,Sun_180,64,174.79,157.74,223.95,0.1051,0.0004,0.4545,20.03,32.04,106.53,663908
Terrain11_FreshCrater,PosA_1500_Lon,PosA,1500,Lon,Sun_270,1024,91.35,813.9,933.73,0.0,0.0217,0.7145,9.25,23.42,77.64,1043733
Terrain11_FreshCrater,PosA_1500_Lon,PosA,1500,Lon,Sun_270,128,91.35,106.79,148.15,0.467,0.0,0.6673,9.34,24.58,100.89,974800
Terrain11_FreshCrater,PosA_1500_Lon,PosA,1500,Lon,Sun_270,2048,91.35,1414.58,1335.36,0.0,0.1116,0.739,8.65,22.47,69.09,1079524
Terrain11_FreshCrater,PosA_1500_Lon,PosA,1500,Lon,Sun_270,256,91.35,213.56,293.05,0.2459,0.0008,0.6821,9.32,24.14,90.65,996459
Terrain11_FreshCrater,PosA_1500_Lon,PosA,1500,Lon,Sun_270,32,91.35,26.79,36.83,0.7902,0.0,0.6212,8.87,24.3,91.89,907535
Terrain11_FreshCrater,PosA_1500_Lon,PosA,1500,Lon,Sun_270,512,91.35,422.2,536.02,0.0571,0.003,0.6933,9.33,24.01,90.62,1012824
Terrain11_FreshCrater,PosA_1500_Lon,PosA,1500,Lon,Sun_270,64,91.35,53.38,73.97,0.5878,0.0,0.6499,9.24,24.81,99.11,949440
Terrain11_FreshCrater,PosA_1500_Lon,PosA,1500,Lon,Sun_30,1024,24.01,2300.13,1422.48,0.0,0.2528,0.6086,16.3,30.27,108.29,889111
Terrain11_FreshCrater,PosA_1500_Lon,PosA,1500,Lon,Sun_30,128,24.01,383.7,415.98,0.0666,0.0,0.7693,20.17,42.8,267.83,1123800
Terrain11_FreshCrater,PosA_1500_Lon,PosA,1500,Lon,Sun_30,2048,24.01,3042.47,1331.99,0.0,0.5335,0.5272,25.91,56.19,232.75,770087
Terrain11_FreshCrater,PosA_1500_Lon,PosA,1500,Lon,Sun_30,256,24.01,750.43,735.48,0.0009,0.0178,0.762,19.21,38.66,252.95,1113221
Terrain11_FreshCrater,PosA_1500_Lon,PosA,1500,Lon,Sun_30,32,24.01,95.86,104.63,0.333,0.0,0.7516,20.45,43.25,261.19,1097964
Terrain11_FreshCrater,PosA_1500_Lon,PosA,1500,Lon,Sun_30,512,24.01,1389.55,1102.19,0.0,0.0417,0.7176,16.02,29.86,194.39,1048319
Terrain11_FreshCrater,PosA_1500_Lon,PosA,1500,Lon,Sun_30,64,24.01,191.95,209.48,0.1823,0.0,0.7596,20.25,42.75,262.94,1109673
Terrain11_FreshCrater,PosA_1500_Lon,PosA,1500,Lon,Sun_350,1024,10.12,2179.11,1385.64,0.0,0.2133,0.5521,21.68,38.05,101.67,806546
Terrain11_FreshCrater,PosA_1500_Lon,PosA,1500,Lon,Sun_350,128,10.12,408.49,563.73,0.0264,0.0083,0.3448,27.27,54.44,496.16,503729
Terrain11_FreshCrater,PosA_1500_Lon,PosA,1500,Lon,Sun_350,2048,10.12,2963.56,1314.91,0.0,0.5111,0.4775,29.27,64.75,240.23,697542
Terrain11_FreshCrater,PosA_1500_Lon,PosA,1500,Lon,Sun_350,256,10.12,766.57,870.19,0.0001,0.0187,0.6648,25.53,51.93,336.0,971229
Terrain11_FreshCrater,PosA_1500_Lon,PosA,1500,Lon,Sun_350,32,10.12,102.94,147.63,0.388,0.0,0.2816,28.42,65.23,556.75,411339
Terrain11_FreshCrater,PosA_1500_Lon,PosA,1500,Lon,Sun_350,512,10.12,1323.41,1110.49,0.0,0.0684,0.6204,20.37,35.95,186.24,906261
Terrain11_FreshCrater,PosA_1500_Lon,PosA,1500,Lon,Sun_350,64,10.12,205.7,294.22,0.176,0.0,0.3135,27.75,58.07,512.63,457914
Terrain11_FreshCrater,PosB_4000_Loff,PosB,4000,Loff,NoSun,1024,,1.51,1.2,1.0,0.0,0.002,,,,404
Terrain11_FreshCrater,PosB_4000_Loff,PosB,4000,Loff,NoSun,128,,0.65,0.82,1.0,0.0,0.0005,,,,113
Terrain11_FreshCrater,PosB_4000_Loff,PosB,4000,Loff,NoSun,2048,,2.47,1.9,1.0,0.0,0.0027,,,,547
Terrain11_FreshCrater,PosB_4000_Loff,PosB,4000,Loff,NoSun,256,,0.77,0.85,1.0,0.0,0.0022,,,,463
Terrain11_FreshCrater,PosB_4000_Loff,PosB,4000,Loff,NoSun,32,,0.55,0.8,1.0,0.0,0.0031,,,,648
Terrain11_FreshCrater,PosB_4000_Loff,PosB,4000,Loff,NoSun,4096,,4.39,3.36,0.9997,0.0,0.0025,,,,523
Terrain11_FreshCrater,PosB_4000_Loff,PosB,4000,Loff,NoSun,512,,1.02,0.94,1.0,0.0,0.0009,,,,187
Terrain11_FreshCrater,PosB_4000_Loff,PosB,4000,Loff,NoSun,64,,0.59,0.81,1.0,0.0,0.0006,,,,129
Terrain11_FreshCrater,PosB_4000_Loff,PosB,4000,Loff,NoSun,8192,,8.25,6.28,0.9991,0.0,0.0046,,,,946
Terrain11_FreshCrater,PosB_4000_Loff,PosB,4000,Loff,Sun_180,1024,173.93,1014.56,1067.18,0.0,0.0562,0.5284,54.2,109.49,962.42,109046
Terrain11_FreshCrater,PosB_4000_Loff,PosB,4000,Loff,Sun_180,128,173.93,144.43,220.33,0.2262,0.0005,0.556,59.16,116.68,962.56,114723
Terrain11_FreshCrater,PosB_4000_Loff,PosB,4000,Loff,Sun_180,2048,173.93,1664.51,1298.83,0.0,0.1541,0.4524,53.4,118.64,997.97,93354
Terrain11_FreshCrater,PosB_4000_Loff,PosB,4000,Loff,Sun_180,256,173.93,285.69,401.4,0.0,0.0014,0.5615,59.14,119.68,976.09,115870
Terrain11_FreshCrater,PosB_4000_Loff,PosB,4000,Loff,Sun_180,32,173.93,36.46,61.58,0.7557,0.0,0.5482,61.19,115.29,932.28,113126
Terrain11_FreshCrater,PosB_4000_Loff,PosB,4000,Loff,Sun_180,512,173.93,558.95,715.14,0.0,0.0073,0.5594,57.63,118.08,974.8,115423
Terrain11_FreshCrater,PosB_4000_Loff,PosB,4000,Loff,Sun_180,64,173.93,72.68,122.01,0.5997,0.0001,0.5536,60.03,116.23,960.09,114241
Terrain11_FreshCrater,PosB_4000_Loff,PosB,4000,Loff,Sun_270,1024,92.21,426.86,867.86,0.041,0.0237,0.703,54.9,97.49,976.16,145065
Terrain11_FreshCrater,PosB_4000_Loff,PosB,4000,Loff,Sun_270,128,92.21,64.88,186.13,0.7874,0.0,0.6092,65.75,128.49,1000.51,125705
Terrain11_FreshCrater,PosB_4000_Loff,PosB,4000,Loff,Sun_270,2048,92.21,683.21,1146.75,0.0012,0.0693,0.7455,49.76,96.47,986.16,153830
Terrain11_FreshCrater,PosB_4000_Loff,PosB,4000,Loff,Sun_270,256,92.21,127.93,354.19,0.7179,0.0024,0.6063,62.25,116.24,998.34,125102
Terrain11_FreshCrater,PosB_4000_Loff,PosB,4000,Loff,Sun_270,32,92.21,16.5,46.56,0.8971,0.0,0.5396,61.21,122.5,986.64,111356
Terrain11_FreshCrater,PosB_4000_Loff,PosB,4000,Loff,Sun_270,512,92.21,239.24,568.99,0.4512,0.0079,0.6212,64.47,118.6,996.79,128181
Terrain11_FreshCrater,PosB_4000_Loff,PosB,4000,Loff,Sun_270,64,92.21,32.63,93.27,0.8464,0.0,0.5826,62.6,124.29,995.49,120215
Terrain11_FreshCrater,PosB_4000_Loff,PosB,4000,Loff,Sun_30,1024,23.15,2428.71,1579.32,0.0,0.3888,0.7493,69.14,146.45,1006.14,154629
Terrain11_FreshCrater,PosB_4000_Loff,PosB,4000,Loff,Sun_30,128,23.15,785.49,1100.43,0.093,0.0561,0.8384,55.46,97.65,2999.48,172996
Terrain11_FreshCrater,PosB_4000_Loff,PosB,4000,Loff,Sun_30,2048,23.15,2955.77,1438.68,0.0,0.5589,0.4577,101.85,198.83,3574.67,94452
Terrain11_FreshCrater,PosB_4000_Loff,PosB,4000,Loff,Sun_30,256,23.15,1228.21,1341.91,0.0071,0.1184,0.8533,48.69,88.1,2982.36,176081
Terrain11_FreshCrater,PosB_4000_Loff,PosB,4000,Loff,Sun_30,32,23.15,218.66,351.62,0.352,0.0,0.7963,55.33,101.84,1109.18,164310
Terrain11_FreshCrater,PosB_4000_Loff,PosB,4000,Loff,Sun_30,512,23.15,1804.83,1524.31,0.0,0.2141,0.8449,46.95,85.32,991.94,174354
Terrain11_FreshCrater,PosB_4000_Loff,PosB,4000,Loff,Sun_30,64,23.15,434.91,693.35,0.2508,0.001,0.8073,54.73,102.17,2802.63,166592
Terrain11_FreshCrater,PosB_4000_Loff,PosB,4000,Loff,Sun_350,1024,10.98,2800.66,1412.84,0.0,0.4498,0.7403,67.86,171.14,3303.37,152758
Terrain11_FreshCrater,PosB_4000_Loff,PosB,4000,Loff,Sun_350,128,10.98,880.18,1099.18,0.0311,0.0513,0.8271,71.43,139.29,3203.9,170668
Terrain11_FreshCrater,PosB_4000_Loff,PosB,4000,Loff,Sun_350,2048,10.98,3365.17,1152.22,0.0,0.6622,0.3381,167.57,1053.33,3931.17,69765
Terrain11_FreshCrater,PosB_4000_Loff,PosB,4000,Loff,Sun_350,256,10.98,1397.46,1340.94,0.0,0.1357,0.8511,61.82,119.73,3201.92,175630
Terrain11_FreshCrater,PosB_4000_Loff,PosB,4000,Loff,Sun_350,32,10.98,230.01,312.59,0.2392,0.0004,0.7888,72.32,150.13,3229.75,162778
Terrain11_FreshCrater,PosB_4000_Loff,PosB,4000,Loff,Sun_350,512,10.98,2057.7,1447.26,0.0,0.2424,0.8527,54.65,104.64,3211.84,175958
Terrain11_FreshCrater,PosB_4000_Loff,PosB,4000,Loff,Sun_350,64,10.98,457.49,603.95,0.1063,0.0006,0.8053,70.88,145.41,3230.6,166171
Terrain11_FreshCrater,PosB_4000_Lon,PosB,4000,Lon,NoSun,1024,,44.97,72.97,0.7455,0.0,0.2982,114.61,937.59,3834.6,61532
Terrain11_FreshCrater,PosB_4000_Lon,PosB,4000,Lon,NoSun,128,,6.02,9.12,0.983,0.0,0.0631,,,,13031
Terrain11_FreshCrater,PosB_4000_Lon,PosB,4000,Lon,NoSun,2048,,89.7,146.11,0.5663,0.0,0.3513,102.04,882.46,3683.79,72493
Terrain11_FreshCrater,PosB_4000_Lon,PosB,4000,Lon,NoSun,256,,11.54,18.16,0.932,0.0,0.1131,,,,23337
Terrain11_FreshCrater,PosB_4000_Lon,PosB,4000,Lon,NoSun,32,,1.88,2.43,0.9999,0.0,0.0084,,,,1741
Terrain11_FreshCrater,PosB_4000_Lon,PosB,4000,Lon,NoSun,4096,,179.03,289.82,0.31,0.0001,0.4108,85.06,324.21,3640.92,84764
Terrain11_FreshCrater,PosB_4000_Lon,PosB,4000,Lon,NoSun,512,,22.68,36.37,0.8348,0.0,0.1846,,,,38088
Terrain11_FreshCrater,PosB_4000_Lon,PosB,4000,Lon,NoSun,64,,3.25,4.62,0.9995,0.0,0.0276,,,,5691
Terrain11_FreshCrater,PosB_4000_Lon,PosB,4000,Lon,NoSun,8192,,355.76,563.0,0.1646,0.001,0.4395,79.77,359.05,3664.69,90698
Terrain11_FreshCrater,PosB_4000_Lon,PosB,4000,Lon,Sun_180,1024,173.93,1049.01,1057.15,0.0,0.056,0.5239,54.6,106.65,932.28,108118
Terrain11_FreshCrater,PosB_4000_Lon,PosB,4000,Lon,Sun_180,128,173.93,148.76,218.75,0.1831,0.0005,0.5496,60.3,115.9,963.03,113414
Terrain11_FreshCrater,PosB_4000_Lon,PosB,4000,Lon,Sun_180,2048,173.93,1729.95,1281.9,0.0,0.1599,0.4515,54.63,119.64,1034.36,93169
Terrain11_FreshCrater,PosB_4000_Lon,PosB,4000,Lon,Sun_180,256,173.93,294.73,398.77,0.0,0.0014,0.5575,60.17,122.51,991.72,115039
Terrain11_FreshCrater,PosB_4000_Lon,PosB,4000,Lon,Sun_180,32,173.93,37.49,61.07,0.7517,0.0,0.536,62.26,119.64,921.08,110609
Terrain11_FreshCrater,PosB_4000_Lon,PosB,4000,Lon,Sun_180,512,173.93,576.44,710.55,0.0,0.0072,0.5556,58.99,118.83,992.83,114654
Terrain11_FreshCrater,PosB_4000_Lon,PosB,4000,Lon,Sun_180,64,173.93,74.76,121.14,0.5557,0.0001,0.5511,62.47,123.04,953.45,113730
Terrain11_FreshCrater,PosB_4000_Lon,PosB,4000,Lon,Sun_270,1024,92.21,469.92,855.24,0.0194,0.0238,0.6999,56.62,98.86,976.62,144419
Terrain11_FreshCrater,PosB_4000_Lon,PosB,4000,Lon,Sun_270,128,92.21,70.4,185.54,0.7535,0.0,0.6078,63.75,121.91,985.88,125421
Terrain11_FreshCrater,PosB_4000_Lon,PosB,4000,Lon,Sun_270,2048,92.21,768.28,1117.77,0.0,0.0697,0.7468,49.94,97.87,966.43,154101
Terrain11_FreshCrater,PosB_4000_Lon,PosB,4000,Lon,Sun_270,256,92.21,139.16,352.77,0.561,0.0024,0.6122,62.58,116.29,969.21,126328
Terrain11_FreshCrater,PosB_4000_Lon,PosB,4000,Lon,Sun_270,32,92.21,17.86,46.35,0.8966,0.0,0.5396,59.51,119.09,944.46,111345
Terrain11_FreshCrater,PosB_4000_Lon,PosB,4000,Lon,Sun_270,512,92.21,261.26,564.26,0.1291,0.0079,0.6172,63.14,115.01,982.08,127352
Terrain11_FreshCrater,PosB_4000_Lon,PosB,4000,Lon,Sun_270,64,92.21,35.31,92.87,0.8447,0.0,0.5839,62.65,118.66,981.6,120481
Terrain11_FreshCrater,PosB_4000_Lon,PosB,4000,Lon,Sun_30,1024,23.15,2453.86,1568.04,0.0,0.3908,0.7502,71.33,148.1,1023.41,154815
Terrain11_FreshCrater,PosB_4000_Lon,PosB,4000,Lon,Sun_30,128,23.15,789.49,1098.84,0.0868,0.056,0.8348,55.87,97.81,2908.91,172268
Terrain11_FreshCrater,PosB_4000_Lon,PosB,4000,Lon,Sun_30,2048,23.15,2989.5,1428.61,0.0,0.5689,0.4525,101.17,192.42,3452.54,93368
Terrain11_FreshCrater,PosB_4000_Lon,PosB,4000,Lon,Sun_30,256,23.15,1236.4,1339.56,0.0063,0.1184,0.848,49.5,87.64,2842.63,174991
Terrain11_FreshCrater,PosB_4000_Lon,PosB,4000,Lon,Sun_30,32,23.15,219.44,350.61,0.3408,0.0,0.8,56.13,103.11,2428.69,165077
Terrain11_FreshCrater,PosB_4000_Lon,PosB,4000,Lon,Sun_30,512,23.15,1821.64,1519.63,0.0,0.2158,0.8464,47.87,86.99,2840.72,174663
Terrain11_FreshCrater,PosB_4000_Lon,PosB,4000,Lon,Sun_30,64,23.15,436.28,691.12,0.2452,0.0009,0.8035,56.6,101.47,1116.92,165796
Terrain11_FreshCrater,PosB_4000_Lon,PosB,4000,Lon,Sun_350,1024,10.98,2825.11,1397.9,0.0,0.4525,0.7383,68.42,171.64,3300.47,152345
Terrain11_FreshCrater,PosB_4000_Lon,PosB,4000,Lon,Sun_350,128,10.98,885.42,1098.85,0.0296,0.0516,0.8225,70.89,138.37,3187.15,169723
Terrain11_FreshCrater,PosB_4000_Lon,PosB,4000,Lon,Sun_350,2048,10.98,3396.19,1140.67,0.0,0.6748,0.3324,166.34,1015.35,3912.88,68597
Terrain11_FreshCrater,PosB_4000_Lon,PosB,4000,Lon,Sun_350,256,10.98,1408.51,1339.11,0.0,0.1362,0.8504,63.18,119.75,3204.12,175487
Terrain11_FreshCrater,PosB_4000_Lon,PosB,4000,Lon,Sun_350,32,10.98,231.38,312.72,0.2279,0.0004,0.7798,69.6,145.17,3184.86,160923
Terrain11_FreshCrater,PosB_4000_Lon,PosB,4000,Lon,Sun_350,512,10.98,2075.89,1440.96,0.0,0.2442,0.8554,55.97,107.59,3205.18,176505
Terrain11_FreshCrater,PosB_4000_Lon,PosB,4000,Lon,Sun_350,64,10.98,459.87,603.64,0.1036,0.0006,0.7969,69.92,144.02,3221.29,164448
Terrain11_FreshCrater,PosC_1500_Loff,PosC,1500,Loff,NoSun,1024,,1.25,1.17,1.0,0.0,0.0016,,,,2204
Terrain11_FreshCrater,PosC_1500_Loff,PosC,1500,Loff,NoSun,128,,0.61,0.82,1.0,0.0,0.0008,,,,1125
Terrain11_FreshCrater,PosC_1500_Loff,PosC,1500,Loff,NoSun,2048,,1.96,1.84,1.0,0.0,0.0012,,,,1614
Terrain11_FreshCrater,PosC_1500_Loff,PosC,1500,Loff,NoSun,256,,0.71,0.84,1.0,0.0,0.0018,,,,2371
Terrain11_FreshCrater,PosC_1500_Loff,PosC,1500,Loff,NoSun,32,,0.54,0.8,1.0,0.0,0.0011,,,,1501
Terrain11_FreshCrater,PosC_1500_Loff,PosC,1500,Loff,NoSun,4096,,3.45,3.26,0.9997,0.0,0.0007,,,,884
Terrain11_FreshCrater,PosC_1500_Loff,PosC,1500,Loff,NoSun,512,,0.87,0.92,1.0,0.0,0.0013,,,,1743
Terrain11_FreshCrater,PosC_1500_Loff,PosC,1500,Loff,NoSun,64,,0.58,0.81,1.0,0.0,0.0006,,,,865
Terrain11_FreshCrater,PosC_1500_Loff,PosC,1500,Loff,NoSun,8192,,6.35,5.87,0.9994,0.0,0.0043,,,,5700
Terrain11_FreshCrater,PosC_1500_Loff,PosC,1500,Loff,Sun_180,1024,105.1,981.92,1073.37,0.0,0.0317,0.7653,17.14,32.38,79.35,1023382
Terrain11_FreshCrater,PosC_1500_Loff,PosC,1500,Loff,Sun_180,128,105.1,133.93,205.15,0.4383,0.0001,0.7585,18.42,34.84,90.88,1014298
Terrain11_FreshCrater,PosC_1500_Loff,PosC,1500,Loff,Sun_180,2048,105.1,1624.49,1439.75,0.0,0.1576,0.7375,15.6,32.98,108.5,986201
Terrain11_FreshCrater,PosC_1500_Loff,PosC,1500,Loff,Sun_180,256,105.1,264.63,369.43,0.1964,0.0024,0.7673,17.96,33.85,86.4,1026122
Terrain11_FreshCrater,PosC_1500_Loff,PosC,1500,Loff,Sun_180,32,105.1,33.66,51.57,0.7224,0.0,0.7234,18.79,36.12,101.17,967375
Terrain11_FreshCrater,PosC_1500_Loff,PosC,1500,Loff,Sun_180,512,105.1,515.54,631.8,0.0249,0.0057,0.7692,17.92,33.66,81.2,1028642
Terrain11_FreshCrater,PosC_1500_Loff,PosC,1500,Loff,Sun_180,64,105.1,67.17,103.39,0.54,0.0,0.7471,18.86,36.01,99.71,999060
Terrain11_FreshCrater,PosC_1500_Loff,PosC,1500,Loff,Sun_270,1024,11.24,2217.13,1464.97,0.0,0.2695,0.6281,28.37,51.35,218.13,839978
Terrain11_FreshCrater,PosC_1500_Loff,PosC,1500,Loff,Sun_270,128,11.24,685.77,1020.63,0.0671,0.0003,0.7154,42.1,95.71,364.13,956685
Terrain11_FreshCrater,PosC_1500_Loff,PosC,1500,Loff,Sun_270,2048,11.24,2922.67,1386.82,0.0,0.5067,0.5072,37.8,71.35,263.72,678326
Terrain11_FreshCrater,PosC_1500_Loff,PosC,1500,Loff,Sun_270,256,11.24,1076.94,1328.01,0.0066,0.129,0.7152,36.57,79.58,329.2,956490
Terrain11_FreshCrater,PosC_1500_Loff,PosC,1500,Loff,Sun_270,32,11.24,172.85,259.15,0.3654,0.0,0.6919,41.4,92.45,359.78,925345
Terrain11_FreshCrater,PosC_1500_Loff,PosC,1500,Loff,Sun_270,512,11.24,1538.17,1404.95,0.0,0.1884,0.676,29.08,56.71,253.54,904030
Terrain11_FreshCrater,PosC_1500_Loff,PosC,1500,Loff,Sun_270,64,11.24,345.7,517.98,0.2286,0.0,0.7107,42.18,96.59,384.22,950406
Terrain11_FreshCrater,PosC_1500_Loff,PosC,1500,Loff,Sun_30,1024,104.12,994.87,1123.48,0.0,0.051,0.7476,16.34,37.24,76.5,999757
Terrain11_FreshCrater,PosC_1500_Loff,PosC,1500,Loff,Sun_30,128,104.12,137.17,186.04,0.464,0.0,0.673,15.0,40.03,117.58,899975
Terrain11_FreshCrater,PosC_1500_Loff,PosC,1500,Loff,Sun_30,2048,104.12,1610.63,1450.69,0.0,0.1598,0.738,17.26,37.75,89.87,986974
Terrain11_FreshCrater,PosC_1500_Loff,PosC,1500,Loff,Sun_30,256,104.12,273.91,366.11,0.1698,0.0002,0.6826,15.03,39.08,108.62,912868
Terrain11_FreshCrater,PosC_1500_Loff,PosC,1500,Loff,Sun_30,32,104.12,34.29,46.25,0.7183,0.0,0.632,14.68,40.6,130.24,845191
Terrain11_FreshCrater,PosC_1500_Loff,PosC,1500,Loff,Sun_30,512,104.12,543.94,714.35,0.0017,0.0025,0.6955,15.3,39.15,103.28,930116
Terrain11_FreshCrater,PosC_1500_Loff,PosC,1500,Loff,Sun_30,64,104.12,68.58,93.03,0.566,0.0,0.6515,14.76,40.37,113.42,871217
Terrain11_FreshCrater,PosC_1500_Loff,PosC,1500,Loff,Sun_350,1024,69.99,996.74,1137.61,0.0,0.0382,0.7689,14.31,35.16,85.48,1028235
Terrain11_FreshCrater,PosC_1500_Loff,PosC,1500,Loff,Sun_350,128,69.99,128.85,156.3,0.4819,0.0,0.7003,14.48,37.94,138.32,936462
Terrain11_FreshCrater,PosC_1500_Loff,PosC,1500,Loff,Sun_350,2048,69.99,1611.07,1523.62,0.0,0.188,0.7832,17.56,38.4,83.32,1047441
Terrain11_FreshCrater,PosC_1500_Loff,PosC,1500,Loff,Sun_350,256,69.99,258.32,313.54,0.2797,0.0,0.7127,14.26,36.63,118.25,953130
Terrain11_FreshCrater,PosC_1500_Loff,PosC,1500,Loff,Sun_350,32,69.99,32.21,38.71,0.7102,0.0,0.6455,14.23,37.2,135.69,863242
Terrain11_FreshCrater,PosC_1500_Loff,PosC,1500,Loff,Sun_350,512,69.99,516.41,623.86,0.0319,0.0003,0.7397,14.29,35.61,110.05,989271
Terrain11_FreshCrater,PosC_1500_Loff,PosC,1500,Loff,Sun_350,64,69.99,64.32,77.82,0.5668,0.0,0.6735,14.48,38.03,146.12,900714
Terrain11_FreshCrater,PosC_1500_Lon,PosC,1500,Lon,NoSun,1024,,46.0,44.87,0.5724,0.0,0.3618,21.94,61.44,643.67,483807
Terrain11_FreshCrater,PosC_1500_Lon,PosC,1500,Lon,NoSun,128,,6.15,5.72,0.9995,0.0,0.0792,,,,105900
Terrain11_FreshCrater,PosC_1500_Lon,PosC,1500,Lon,NoSun,2048,,91.85,89.96,0.3878,0.0,0.4979,18.97,53.69,417.57,665803
Terrain11_FreshCrater,PosC_1500_Lon,PosC,1500,Lon,NoSun,256,,11.82,11.27,0.983,0.0,0.1273,,,,170223
Terrain11_FreshCrater,PosC_1500_Lon,PosC,1500,Lon,NoSun,32,,1.92,1.66,1.0,0.0,0.0219,,,,29330
Terrain11_FreshCrater,PosC_1500_Lon,PosC,1500,Lon,NoSun,4096,,183.81,180.23,0.2762,0.0,0.6133,18.18,47.35,331.62,820164
Terrain11_FreshCrater,PosC_1500_Lon,PosC,1500,Lon,NoSun,512,,23.16,22.42,0.7993,0.0,0.2114,31.82,97.81,821.59,282690
Terrain11_FreshCrater,PosC_1500_Lon,PosC,1500,Lon,NoSun,64,,3.33,2.98,1.0,0.0,0.0477,,,,63851
Terrain11_FreshCrater,PosC_1500_Lon,PosC,1500,Lon,NoSun,8192,,367.72,360.33,0.1621,0.0,0.6621,17.71,41.94,244.91,885434
Terrain11_FreshCrater,PosC_1500_Lon,PosC,1500,Lon,Sun_180,1024,105.1,1025.81,1066.35,0.0,0.0326,0.7718,15.78,30.8,75.72,1032134
Terrain11_FreshCrater,PosC_1500_Lon,PosC,1500,Lon,Sun_180,128,105.1,139.95,205.44,0.3924,0.0001,0.7571,17.49,33.82,86.03,1012476
Terrain11_FreshCrater,PosC_1500_Lon,PosC,1500,Lon,Sun_180,2048,105.1,1705.03,1415.11,0.0,0.1621,0.7466,14.67,32.34,106.55,998466
Terrain11_FreshCrater,PosC_1500_Lon,PosC,1500,Lon,Sun_180,256,105.1,277.04,369.61,0.1142,0.0024,0.7683,17.19,33.09,83.65,1027430
Terrain11_FreshCrater,PosC_1500_Lon,PosC,1500,Lon,Sun_180,32,105.1,35.19,51.66,0.7104,0.0,0.7209,18.1,35.38,100.61,964091
Terrain11_FreshCrater,PosC_1500_Lon,PosC,1500,Lon,Sun_180,512,105.1,539.08,630.49,0.0111,0.0058,0.7706,16.82,32.3,79.49,1030579
Terrain11_FreshCrater,PosC_1500_Lon,PosC,1500,Lon,Sun_180,64,105.1,69.98,103.27,0.5241,0.0,0.7434,17.99,34.79,98.74,994135
Terrain11_FreshCrater,PosC_1500_Lon,PosC,1500,Lon,Sun_270,1024,11.24,2249.11,1450.67,0.0,0.2736,0.6061,25.65,45.93,145.82,810588
Terrain11_FreshCrater,PosC_1500_Lon,PosC,1500,Lon,Sun_270,128,11.24,695.15,1025.73,0.0484,0.0003,0.7045,40.01,88.29,351.51,942141
Terrain11_FreshCrater,PosC_1500_Lon,PosC,1500,Lon,Sun_270,2048,11.24,2963.81,1347.47,0.0,0.5123,0.5056,35.89,69.45,273.83,676108
Terrain11_FreshCrater,PosC_1500_Lon,PosC,1500,Lon,Sun_270,256,11.24,1090.95,1327.81,0.0016,0.1298,0.7044,34.08,72.21,285.51,941975
Terrain11_FreshCrater,PosC_1500_Lon,PosC,1500,Lon,Sun_270,32,11.24,174.92,260.06,0.3606,0.0,0.6912,40.79,92.77,361.0,924359
Terrain11_FreshCrater,PosC_1500_Lon,PosC,1500,Lon,Sun_270,512,11.24,1560.17,1400.18,0.0,0.1895,0.6672,26.4,51.99,211.71,892315
Terrain11_FreshCrater,PosC_1500_Lon,PosC,1500,Lon,Sun_270,64,11.24,350.53,520.78,0.199,0.0,0.6923,39.41,85.85,341.22,925878
Terrain11_FreshCrater,PosC_1500_Lon,PosC,1500,Lon,Sun_30,1024,104.12,1028.56,1111.61,0.0,0.0506,0.7564,15.28,34.98,75.02,1011519
Terrain11_FreshCrater,PosC_1500_Lon,PosC,1500,Lon,Sun_30,128,104.12,140.67,182.7,0.4189,0.0,0.6737,14.23,38.25,119.75,900892
Terrain11_FreshCrater,PosC_1500_Lon,PosC,1500,Lon,Sun_30,2048,104.12,1675.74,1426.55,0.0,0.1627,0.7453,15.98,36.46,89.19,996761
Terrain11_FreshCrater,PosC_1500_Lon,PosC,1500,Lon,Sun_30,256,104.12,280.84,359.53,0.0725,0.0002,0.6858,14.16,37.63,112.08,917189
Terrain11_FreshCrater,PosC_1500_Lon,PosC,1500,Lon,Sun_30,32,104.12,35.22,45.43,0.7093,0.0,0.628,13.7,37.91,119.49,839774
Terrain11_FreshCrater,PosC_1500_Lon,PosC,1500,Lon,Sun_30,512,104.12,559.45,703.93,0.0016,0.002,0.6961,14.43,36.88,96.89,930909
Terrain11_FreshCrater,PosC_1500_Lon,PosC,1500,Lon,Sun_30,64,104.12,70.35,91.36,0.557,0.0,0.6527,13.87,37.63,119.54,872898
Terrain11_FreshCrater,PosC_1500_Lon,PosC,1500,Lon,Sun_350,1024,69.99,1039.21,1139.33,0.0,0.0394,0.7753,13.68,34.3,88.68,1036855
Terrain11_FreshCrater,PosC_1500_Lon,PosC,1500,Lon,Sun_350,128,69.99,134.35,156.98,0.4569,0.0,0.696,13.74,36.21,140.03,930785
Terrain11_FreshCrater,PosC_1500_Lon,PosC,1500,Lon,Sun_350,2048,69.99,1679.45,1507.41,0.0,0.1949,0.7868,17.16,37.74,85.31,1052136
Terrain11_FreshCrater,PosC_1500_Lon,PosC,1500,Lon,Sun_350,256,69.99,268.87,314.36,0.1596,0.0,0.7157,13.72,36.19,134.55,957122
Terrain11_FreshCrater,PosC_1500_Lon,PosC,1500,Lon,Sun_350,32,69.99,33.63,38.96,0.6978,0.0,0.6408,13.35,35.41,132.07,856896
Terrain11_FreshCrater,PosC_1500_Lon,PosC,1500,Lon,Sun_350,512,69.99,537.08,624.75,0.0163,0.0003,0.7388,13.52,34.77,120.47,988034
Terrain11_FreshCrater,PosC_1500_Lon,PosC,1500,Lon,Sun_350,64,69.99,67.13,78.26,0.5591,0.0,0.6716,13.7,37.05,142.83,898140
Terrain12_OldCrater,PosA_1500_Loff,PosA,1500,Loff,NoSun,1024,,1.29,1.07,1.0,0.0,0.0017,,,,2656
Terrain12_OldCrater,PosA_1500_Loff,PosA,1500,Loff,NoSun,128,,0.61,0.81,1.0,0.0,0.0004,,,,620
Terrain12_OldCrater,PosA_1500_Loff,PosA,1500,Loff,NoSun,2048,,2.05,1.57,1.0,0.0,0.0016,,,,2443
Terrain12_OldCrater,PosA_1500_Loff,PosA,1500,Loff,NoSun,256,,0.7,0.82,1.0,0.0,0.0014,,,,2193
Terrain12_OldCrater,PosA_1500_Loff,PosA,1500,Loff,NoSun,32,,0.55,0.8,1.0,0.0,0.0007,,,,1083
Terrain12_OldCrater,PosA_1500_Loff,PosA,1500,Loff,NoSun,4096,,3.57,2.75,0.9999,0.0,0.0015,,,,2329
Terrain12_OldCrater,PosA_1500_Loff,PosA,1500,Loff,NoSun,512,,0.9,0.88,1.0,0.0,0.0014,,,,2215
Terrain12_OldCrater,PosA_1500_Loff,PosA,1500,Loff,NoSun,64,,0.57,0.8,1.0,0.0,0.001,,,,1500
Terrain12_OldCrater,PosA_1500_Loff,PosA,1500,Loff,NoSun,8192,,6.65,5.2,0.9995,0.0,0.0049,,,,7620
Terrain12_OldCrater,PosA_1500_Loff,PosA,1500,Loff,Sun_180,1024,174.79,1575.48,1145.1,0.0,0.083,0.5091,20.47,33.87,119.74,796812
Terrain12_OldCrater,PosA_1500_Loff,PosA,1500,Loff,Sun_180,128,174.79,224.29,272.13,0.0057,0.0015,0.5324,21.2,35.26,97.36,833342
Terrain12_OldCrater,PosA_1500_Loff,PosA,1500,Loff,Sun_180,2048,174.79,2493.69,1215.92,0.0,0.273,0.4715,21.24,37.33,250.75,738034
Terrain12_OldCrater,PosA_1500_Loff,PosA,1500,Loff,Sun_180,256,174.79,441.16,451.51,0.0,0.0027,0.5373,21.12,35.21,102.5,840999
Terrain12_OldCrater,PosA_1500_Loff,PosA,1500,Loff,Sun_180,32,174.79,56.75,81.42,0.5641,0.0,0.5212,21.34,35.86,97.1,815761
Terrain12_OldCrater,PosA_1500_Loff,PosA,1500,Loff,Sun_180,512,174.79,857.75,768.28,0.0,0.0128,0.5338,21.01,34.78,100.73,835526
Terrain12_OldCrater,PosA_1500_Loff,PosA,1500,Loff,Sun_180,64,174.79,113.51,161.65,0.2331,0.0,0.5303,21.44,36.03,106.39,830018
Terrain12_OldCrater,PosA_1500_Loff,PosA,1500,Loff,Sun_270,1024,91.35,695.06,884.27,0.0011,0.0183,0.7524,13.4,29.36,78.0,1177631
Terrain12_OldCrater,PosA_1500_Loff,PosA,1500,Loff,Sun_270,128,91.35,91.52,139.99,0.5178,0.0,0.713,13.15,30.39,90.0,1115923
Terrain12_OldCrater,PosA_1500_Loff,PosA,1500,Loff,Sun_270,2048,91.35,1219.41,1294.97,0.0,0.0827,0.7853,12.97,30.05,71.34,1229186
Terrain12_OldCrater,PosA_1500_Loff,PosA,1500,Loff,Sun_270,256,91.35,183.05,277.67,0.4304,0.0006,0.729,13.34,30.04,83.01,1141060
Terrain12_OldCrater,PosA_1500_Loff,PosA,1500,Loff,Sun_270,32,91.35,22.99,34.78,0.8242,0.0,0.6576,12.34,30.13,90.08,1029286
Terrain12_OldCrater,PosA_1500_Loff,PosA,1500,Loff,Sun_270,512,91.35,361.36,508.22,0.1738,0.0026,0.7418,13.39,30.14,81.11,1161075
Terrain12_OldCrater,PosA_1500_Loff,PosA,1500,Loff,Sun_270,64,91.35,45.71,69.79,0.6379,0.0,0.6902,12.91,30.75,86.94,1080306
Terrain12_OldCrater,PosA_1500_Loff,PosA,1500,Loff,Sun_30,1024,24.01,2352.6,1449.43,0.0,0.2924,0.6698,19.38,35.63,89.12,1048278
Terrain12_OldCrater,PosA_1500_Loff,PosA,1500,Loff,Sun_30,128,24.01,537.31,801.1,0.0777,0.022,0.7749,24.25,54.82,257.9,1212895
Terrain12_OldCrater,PosA_1500_Loff,PosA,1500,Loff,Sun_30,2048,24.01,3060.33,1335.64,0.0,0.5406,0.6022,28.79,49.22,155.62,942598
Terrain12_OldCrater,PosA_1500_Loff,PosA,1500,Loff,Sun_30,256,24.01,917.36,1037.36,0.0029,0.0644,0.7681,21.29,44.49,219.17,1202174
Terrain12_OldCrater,PosA_1500_Loff,PosA,1500,Loff,Sun_30,32,24.01,138.62,221.74,0.3216,0.0,0.7669,25.82,59.23,264.48,1200320
Terrain12_OldCrater,PosA_1500_Loff,PosA,1500,Loff,Sun_30,512,24.01,1509.15,1234.21,0.0,0.0935,0.7171,17.98,35.04,126.94,1122455
Terrain12_OldCrater,PosA_1500_Loff,PosA,1500,Loff,Sun_30,64,24.01,277.29,441.41,0.1762,0.0,0.7791,26.14,61.0,270.8,1219484
Terrain12_OldCrater,PosA_1500_Loff,PosA,1500,Loff,Sun_350,1024,10.12,2248.43,1452.97,0.0,0.2705,0.5892,24.15,39.65,87.16,922146
Terrain12_OldCrater,PosA_1500_Loff,PosA,1500,Loff,Sun_350,128,10.12,656.16,1057.11,0.045,0.0596,0.6835,35.67,75.75,344.47,1069752
Terrain12_OldCrater,PosA_1500_Loff,PosA,1500,Loff,Sun_350,2048,10.12,2963.07,1352.13,0.0,0.5123,0.5103,32.49,55.68,194.26,798724
Terrain12_OldCrater,PosA_1500_Loff,PosA,1500,Loff,Sun_350,256,10.12,1001.95,1220.86,0.0001,0.0908,0.6456,27.72,51.11,240.34,1010465
Terrain12_OldCrater,PosA_1500_Loff,PosA,1500,Loff,Sun_350,32,10.12,168.36,279.47,0.3674,0.0,0.6561,35.96,72.26,326.32,1026865
Terrain12_OldCrater,PosA_1500_Loff,PosA,1500,Loff,Sun_350,512,10.12,1497.41,1320.5,0.0,0.1483,0.602,22.86,39.01,92.76,942205
Terrain12_OldCrater,PosA_1500_Loff,PosA,1500,Loff,Sun_350,64,10.12,336.37,556.84,0.2024,0.0,0.6646,35.54,71.92,320.9,1040239
Terrain12_OldCrater,PosA_1500_Lon,PosA,1500,Lon,NoSun,1024,,51.66,50.51,0.5315,0.0,0.5205,14.1,37.91,163.85,814672
Terrain12_OldCrater,PosA_1500_Lon,PosA,1500,Lon,NoSun,128,,6.85,6.41,0.9991,0.0,0.1096,,,,171557
Terrain12_OldCrater,PosA_1500_Lon,PosA,1500,Lon,NoSun,2048,,103.24,101.27,0.3499,0.0,0.6407,13.64,34.03,108.64,1002772
Terrain12_OldCrater,PosA_1500_Lon,PosA,1500,Lon,NoSun,256,,13.22,12.65,0.9629,0.0,0.2037,22.54,63.56,366.92,318846
Terrain12_OldCrater,PosA_1500_Lon,PosA,1500,Lon,NoSun,32,,2.1,1.81,1.0,0.0,0.0282,,,,44111
Terrain12_OldCrater,PosA_1500_Lon,PosA,1500,Lon,NoSun,4096,,206.58,202.81,0.2319,0.0,0.6991,14.04,33.76,103.87,1094200
Terrain12_OldCrater,PosA_1500_Lon,PosA,1500,Lon,NoSun,512,,25.99,25.22,0.7703,0.0,0.3588,17.16,48.12,269.91,561633
Terrain12_OldCrater,PosA_1500_Lon,PosA,1500,Lon,NoSun,64,,3.67,3.3,1.0,0.0,0.0532,,,,83243
Terrain12_OldCrater,PosA_1500_Lon,PosA,1500,Lon,NoSun,8192,,413.2,404.93,0.1229,0.0,0.738,13.93,32.97,96.28,1155021
Terrain12_OldCrater,PosA_1500_Lon,PosA,1500,Lon,Sun_180,1024,174.79,1622.88,1142.46,0.0,0.0866,0.5056,18.81,31.5,110.18,791276
Terrain12_OldCrater,PosA_1500_Lon,PosA,1500,Lon,Sun_180,128,174.79,230.44,272.83,0.0049,0.0015,0.5359,19.75,33.24,99.43,838749
Terrain12_OldCrater,PosA_1500_Lon,PosA,1500,Lon,Sun_180,2048,174.79,2559.26,1189.13,0.0,0.283,0.4714,19.85,35.71,304.74,737889
Terrain12_OldCrater,PosA_1500_Lon,PosA,1500,Lon,Sun_180,256,174.79,453.94,453.48,0.0,0.0028,0.5378,19.64,33.03,94.55,841811
Terrain12_OldCrater,PosA_1500_Lon,PosA,1500,Lon,Sun_180,32,174.79,58.34,81.69,0.547,0.0,0.5198,19.71,33.5,94.9,813624
Terrain12_OldCrater,PosA_1500_Lon,PosA,1500,Lon,Sun_180,512,174.79,883.84,770.96,0.0,0.0131,0.532,19.32,32.36,94.61,832689
Terrain12_OldCrater,PosA_1500_Lon,PosA,1500,Lon,Sun_180,64,174.79,116.74,162.35,0.1976,0.0,0.5296,19.87,33.52,96.4,828882
Terrain12_OldCrater,PosA_1500_Lon,PosA,1500,Lon,Sun_270,1024,91.35,746.89,880.76,0.0002,0.0188,0.765,11.7,27.41,77.64,1197414
Terrain12_OldCrater,PosA_1500_Lon,PosA,1500,Lon,Sun_270,128,91.35,97.99,139.75,0.4924,0.0,0.7202,11.6,28.79,90.59,1127221
Terrain12_OldCrater,PosA_1500_Lon,PosA,1500,Lon,Sun_270,2048,91.35,1315.97,1280.02,0.0,0.0861,0.8016,11.36,27.77,68.85,1254661
Terrain12_OldCrater,PosA_1500_Lon,PosA,1500,Lon,Sun_270,256,91.35,195.92,276.98,0.2935,0.0006,0.7383,11.67,27.91,82.72,1155522
Terrain12_OldCrater,PosA_1500_Lon,PosA,1500,Lon,Sun_270,32,91.35,24.61,34.71,0.8138,0.0,0.6803,11.21,29.15,91.13,1064805
Terrain12_OldCrater,PosA_1500_Lon,PosA,1500,Lon,Sun_270,512,91.35,387.62,507.39,0.0741,0.0027,0.7515,11.81,27.92,82.05,1176265
Terrain12_OldCrater,PosA_1500_Lon,PosA,1500,Lon,Sun_270,64,91.35,48.96,69.69,0.6078,0.0,0.7023,11.47,28.96,91.35,1099203
Terrain12_OldCrater,PosA_1500_Lon,PosA,1500,Lon,Sun_30,1024,24.01,2385.08,1437.16,0.0,0.2998,0.6631,17.45,32.48,80.12,1037925
Terrain12_OldCrater,PosA_1500_Lon,PosA,1500,Lon,Sun_30,128,24.01,545.57,805.38,0.063,0.0226,0.7739,22.23,51.65,253.46,1211248
Terrain12_OldCrater,PosA_1500_Lon,PosA,1500,Lon,Sun_30,2048,24.01,3097.96,1300.61,0.0,0.5469,0.5903,26.42,46.47,159.42,923855
Terrain12_OldCrater,PosA_1500_Lon,PosA,1500,Lon,Sun_30,256,24.01,932.1,1039.89,0.0014,0.0656,0.7576,19.01,39.59,209.24,1185814
Terrain12_OldCrater,PosA_1500_Lon,PosA,1500,Lon,Sun_30,32,24.01,140.98,223.63,0.3152,0.0,0.7655,23.92,55.79,255.26,1198080
Terrain12_OldCrater,PosA_1500_Lon,PosA,1500,Lon,Sun_30,512,24.01,1533.14,1234.23,0.0,0.0949,0.7169,16.3,32.22,123.66,1122036
Terrain12_OldCrater,PosA_1500_Lon,PosA,1500,Lon,Sun_30,64,24.01,281.66,444.62,0.1624,0.0,0.7772,24.07,58.21,266.22,1216389
Terrain12_OldCrater,PosA_1500_Lon,PosA,1500,Lon,Sun_350,1024,10.12,2285.82,1437.95,0.0,0.2768,0.5873,22.32,37.58,89.66,919169
Terrain12_OldCrater,PosA_1500_Lon,PosA,1500,Lon,Sun_350,128,10.12,665.28,1061.14,0.0264,0.0609,0.6759,32.59,70.23,349.16,1057865
Terrain12_OldCrater,PosA_1500_Lon,PosA,1500,Lon,Sun_350,2048,10.12,3010.47,1309.9,0.0,0.5194,0.5022,30.84,55.48,211.7,785958
Terrain12_OldCrater,PosA_1500_Lon,PosA,1500,Lon,Sun_350,256,10.12,1018.05,1223.4,0.0,0.0919,0.6333,24.78,46.04,195.25,991165
Terrain12_OldCrater,PosA_1500_Lon,PosA,1500,Lon,Sun_350,32,10.12,171.25,282.09,0.3602,0.0,0.6668,34.01,73.94,342.8,1043639
Terrain12_OldCrater,PosA_1500_Lon,PosA,1500,Lon,Sun_350,512,10.12,1522.9,1316.45,0.0,0.1496,0.601,20.87,36.4,90.96,940619
Terrain12_OldCrater,PosA_1500_Lon,PosA,1500,Lon,Sun_350,64,10.12,341.7,561.26,0.1827,0.0,0.6756,33.81,74.4,356.91,1057368
Terrain12_OldCrater,PosB_4000_Loff,PosB,4000,Loff,NoSun,1024,,1.54,1.13,1.0,0.0,0.0052,,,,1391
Terrain12_OldCrater,PosB_4000_Loff,PosB,4000,Loff,NoSun,128,,0.67,0.81,1.0,0.0,0.0,,,,0
Terrain12_OldCrater,PosB_4000_Loff,PosB,4000,Loff,NoSun,2048,,2.55,1.71,1.0,0.0,0.0041,,,,1119
Terrain12_OldCrater,PosB_4000_Loff,PosB,4000,Loff,NoSun,256,,0.79,0.84,1.0,0.0,0.0016,,,,435
Terrain12_OldCrater,PosB_4000_Loff,PosB,4000,Loff,NoSun,32,,0.57,0.8,1.0,0.0,0.0008,,,,212
Terrain12_OldCrater,PosB_4000_Loff,PosB,4000,Loff,NoSun,4096,,4.58,3.02,0.9998,0.0,0.0083,,,,2225
Terrain12_OldCrater,PosB_4000_Loff,PosB,4000,Loff,NoSun,512,,1.04,0.91,1.0,0.0,0.0005,,,,148
Terrain12_OldCrater,PosB_4000_Loff,PosB,4000,Loff,NoSun,64,,0.6,0.81,1.0,0.0,0.0019,,,,503
Terrain12_OldCrater,PosB_4000_Loff,PosB,4000,Loff,NoSun,8192,,8.62,5.65,0.9988,0.0,0.0109,,,,2939
Terrain12_OldCrater,PosB_4000_Loff,PosB,4000,Loff,Sun_180,1024,173.93,813.54,911.26,0.0,0.0291,0.6587,60.23,95.77,611.39,177638
Terrain12_OldCrater,PosB_4000_Loff,PosB,4000,Loff,Sun_180,128,173.93,106.87,138.23,0.3543,0.0,0.6661,62.31,95.98,403.29,179632
Terrain12_OldCrater,PosB_4000_Loff,PosB,4000,Loff,Sun_180,2048,173.93,1409.63,1220.25,0.0,0.0974,0.5441,60.96,108.36,683.14,146752
Terrain12_OldCrater,PosB_4000_Loff,PosB,4000,Loff,Sun_180,256,173.93,214.07,276.5,0.0001,0.0001,0.6697,61.33,94.43,421.19,180609
Terrain12_OldCrater,PosB_4000_Loff,PosB,4000,Loff,Sun_180,32,173.93,26.8,34.3,0.8083,0.0,0.6463,64.11,97.27,337.62,174295
Terrain12_OldCrater,PosB_4000_Loff,PosB,4000,Loff,Sun_180,512,173.93,426.87,540.41,0.0,0.0006,0.6786,61.23,95.94,585.85,183021
Terrain12_OldCrater,PosB_4000_Loff,PosB,4000,Loff,Sun_180,64,173.93,53.38,68.84,0.681,0.0,0.6532,62.58,95.25,331.57,176165
Terrain12_OldCrater,PosB_4000_Loff,PosB,4000,Loff,Sun_270,1024,92.21,335.59,760.3,0.0309,0.0191,0.8123,56.02,92.48,420.86,219072
Terrain12_OldCrater,PosB_4000_Loff,PosB,4000,Loff,Sun_270,128,92.21,53.05,181.71,0.8397,0.0,0.6184,53.12,90.73,418.14,166765
Terrain12_OldCrater,PosB_4000_Loff,PosB,4000,Loff,Sun_270,2048,92.21,546.02,1008.06,0.0012,0.0484,0.8365,57.16,92.73,299.36,225587
Terrain12_OldCrater,PosB_4000_Loff,PosB,4000,Loff,Sun_270,256,92.21,103.58,334.49,0.7867,0.0026,0.6474,51.58,87.94,394.01,174586
Terrain12_OldCrater,PosB_4000_Loff,PosB,4000,Loff,Sun_270,32,92.21,13.59,45.54,0.9257,0.0,0.4932,56.59,97.78,357.42,133006
Terrain12_OldCrater,PosB_4000_Loff,PosB,4000,Loff,Sun_270,512,92.21,190.98,519.27,0.5591,0.0069,0.6538,53.73,92.18,484.63,176332
Terrain12_OldCrater,PosB_4000_Loff,PosB,4000,Loff,Sun_270,64,92.21,26.75,91.26,0.8787,0.0,0.5573,56.17,93.97,374.16,150298
Terrain12_OldCrater,PosB_4000_Loff,PosB,4000,Loff,Sun_30,1024,23.15,2423.08,1570.52,0.0,0.3854,0.8243,66.31,109.51,526.26,222306
Terrain12_OldCrater,PosB_4000_Loff,PosB,4000,Loff,Sun_30,128,23.15,817.09,1140.25,0.0985,0.0603,0.9014,61.67,97.18,870.84,243102
Terrain12_OldCrater,PosB_4000_Loff,PosB,4000,Loff,Sun_30,2048,23.15,2964.2,1427.51,0.0,0.554,0.6047,98.63,168.82,1014.26,163074
Terrain12_OldCrater,PosB_4000_Loff,PosB,4000,Loff,Sun_30,256,23.15,1257.61,1380.93,0.0082,0.131,0.9039,56.38,88.36,825.7,243778
Terrain12_OldCrater,PosB_4000_Loff,PosB,4000,Loff,Sun_30,32,23.15,226.15,356.29,0.3535,0.0,0.8833,64.6,103.27,873.88,238207
Terrain12_OldCrater,PosB_4000_Loff,PosB,4000,Loff,Sun_30,512,23.15,1812.77,1536.5,0.0,0.2289,0.9042,54.4,84.23,355.89,243846
Terrain12_OldCrater,PosB_4000_Loff,PosB,4000,Loff,Sun_30,64,23.15,449.89,704.47,0.2291,0.0004,0.8862,65.3,102.68,880.29,239007
Terrain12_OldCrater,PosB_4000_Loff,PosB,4000,Loff,Sun_350,1024,10.98,2804.97,1392.15,0.0,0.4485,0.8462,67.83,117.73,887.71,228213
Terrain12_OldCrater,PosB_4000_Loff,PosB,4000,Loff,Sun_350,128,10.98,909.28,1126.58,0.0265,0.0525,0.8834,74.24,119.59,931.72,238238
Terrain12_OldCrater,PosB_4000_Loff,PosB,4000,Loff,Sun_350,2048,10.98,3393.69,1095.22,0.0,0.6519,0.5188,108.4,199.34,1113.36,139903
Terrain12_OldCrater,PosB_4000_Loff,PosB,4000,Loff,Sun_350,256,10.98,1432.23,1367.05,0.0,0.1432,0.9044,67.41,106.88,932.89,243904
Terrain12_OldCrater,PosB_4000_Loff,PosB,4000,Loff,Sun_350,32,10.98,237.4,323.59,0.2351,0.0008,0.8536,74.48,122.88,931.2,230196
Terrain12_OldCrater,PosB_4000_Loff,PosB,4000,Loff,Sun_350,512,10.98,2081.61,1460.89,0.0,0.2609,0.9004,62.11,98.88,905.19,242833
Terrain12_OldCrater,PosB_4000_Loff,PosB,4000,Loff,Sun_350,64,10.98,470.36,612.94,0.0849,0.001,0.8709,76.42,122.87,944.73,234887
Terrain12_OldCrater,PosB_4000_Lon,PosB,4000,Lon,NoSun,1024,,60.13,90.18,0.6681,0.0,0.3073,84.23,170.72,895.09,82877
Terrain12_OldCrater,PosB_4000_Lon,PosB,4000,Lon,NoSun,128,,7.89,11.23,0.9685,0.0,0.0585,,,,15773
Terrain12_OldCrater,PosB_4000_Lon,PosB,4000,Lon,NoSun,2048,,120.12,180.57,0.4801,0.0,0.3754,82.37,176.96,897.77,101236
Terrain12_OldCrater,PosB_4000_Lon,PosB,4000,Lon,NoSun,256,,15.32,22.44,0.9019,0.0,0.138,,,,37221
Terrain12_OldCrater,PosB_4000_Lon,PosB,4000,Lon,NoSun,32,,2.36,2.94,0.9999,0.0,0.0059,,,,1599
Terrain12_OldCrater,PosB_4000_Lon,PosB,4000,Lon,NoSun,4096,,239.71,358.37,0.238,0.0002,0.4033,70.2,158.74,916.98,108773
Terrain12_OldCrater,PosB_4000_Lon,PosB,4000,Lon,NoSun,512,,30.2,44.95,0.7672,0.0,0.2285,86.29,175.05,882.56,61631
Terrain12_OldCrater,PosB_4000_Lon,PosB,4000,Lon,NoSun,64,,4.2,5.67,0.9994,0.0,0.0191,,,,5157
Terrain12_OldCrater,PosB_4000_Lon,PosB,4000,Lon,NoSun,8192,,475.64,696.74,0.1053,0.0013,0.4251,84.88,171.38,919.55,114658
Terrain12_OldCrater,PosB_4000_Lon,PosB,4000,Lon,Sun_180,1024,173.93,868.52,908.36,0.0,0.0294,0.6601,60.18,95.77,607.38,178031
Terrain12_OldCrater,PosB_4000_Lon,PosB,4000,Lon,Sun_180,128,173.93,113.55,138.0,0.2607,0.0,0.6638,60.97,95.34,473.77,179021
Terrain12_OldCrater,PosB_4000_Lon,PosB,4000,Lon,Sun_180,2048,173.93,1510.71,1212.14,0.0,0.1073,0.5441,60.56,107.66,681.64,146736
Terrain12_OldCrater,PosB_4000_Lon,PosB,4000,Lon,Sun_180,256,173.93,227.35,275.74,0.0001,0.0001,0.6746,61.5,96.13,569.66,181933
Terrain12_OldCrater,PosB_4000_Lon,PosB,4000,Lon,Sun_180,32,173.93,28.52,34.31,0.8025,0.0,0.6324,63.28,96.14,454.64,170566
Terrain12_OldCrater,PosB_4000_Lon,PosB,4000,Lon,Sun_180,512,173.93,454.66,540.36,0.0,0.0006,0.6751,61.01,95.27,525.46,182063
Terrain12_OldCrater,PosB_4000_Lon,PosB,4000,Lon,Sun_180,64,173.93,56.86,68.92,0.6298,0.0,0.6552,62.17,94.82,329.13,176690
Terrain12_OldCrater,PosB_4000_Lon,PosB,4000,Lon,Sun_270,1024,92.21,394.37,747.46,0.0111,0.0192,0.8156,55.85,91.83,475.9,219962
Terrain12_OldCrater,PosB_4000_Lon,PosB,4000,Lon,Sun_270,128,92.21,60.53,181.46,0.7911,0.0,0.6252,53.6,92.27,401.85,168607
Terrain12_OldCrater,PosB_4000_Lon,PosB,4000,Lon,Sun_270,2048,92.21,662.01,979.05,0.0,0.0486,0.8405,57.31,93.67,359.03,226666
Terrain12_OldCrater,PosB_4000_Lon,PosB,4000,Lon,Sun_270,256,92.21,118.49,332.88,0.5604,0.0026,0.6445,51.13,87.99,422.46,173805
Terrain12_OldCrater,PosB_4000_Lon,PosB,4000,Lon,Sun_270,32,92.21,28.49,56.24,0.7894,0.0,0.3761,53.7,101.29,480.62,101434
Terrain12_OldCrater,PosB_4000_Lon,PosB,4000,Lon,Sun_270,512,92.21,220.3,513.7,0.1188,0.0069,0.6619,51.24,88.78,433.98,178508
Terrain12_OldCrater,PosB_4000_Lon,PosB,4000,Lon,Sun_270,64,92.21,30.25,90.44,0.8772,0.0,0.5827,54.23,94.09,350.61,157141
Terrain12_OldCrater,PosB_4000_Lon,PosB,4000,Lon,Sun_30,1024,23.15,2465.33,1548.12,0.0,0.389,0.8178,65.98,108.04,463.19,220551
Terrain12_OldCrater,PosB_4000_Lon,PosB,4000,Lon,Sun_30,128,23.15,828.65,1141.57,0.0838,0.0611,0.8989,60.96,96.09,867.51,242422
Terrain12_OldCrater,PosB_4000_Lon,PosB,4000,Lon,Sun_30,2048,23.15,3027.3,1398.98,0.0,0.5676,0.5937,97.72,164.59,892.89,160125
Terrain12_OldCrater,PosB_4000_Lon,PosB,4000,Lon,Sun_30,256,23.15,1277.01,1379.16,0.0069,0.1321,0.9017,56.28,87.76,692.21,243190
Terrain12_OldCrater,PosB_4000_Lon,PosB,4000,Lon,Sun_30,32,23.15,229.91,358.91,0.3278,0.0,0.8776,65.4,102.72,856.44,236681
Terrain12_OldCrater,PosB_4000_Lon,PosB,4000,Lon,Sun_30,512,23.15,1841.42,1527.45,0.0,0.2319,0.901,53.96,84.25,308.18,242992
Terrain12_OldCrater,PosB_4000_Lon,PosB,4000,Lon,Sun_30,64,23.15,456.84,708.65,0.2169,0.0004,0.8814,64.7,101.25,849.02,237711
Terrain12_OldCrater,PosB_4000_Lon,PosB,4000,Lon,Sun_350,1024,10.98,2843.74,1363.42,0.0,0.4526,0.8475,67.88,120.09,902.55,228568
Terrain12_OldCrater,PosB_4000_Lon,PosB,4000,Lon,Sun_350,128,10.98,916.47,1124.65,0.0256,0.0527,0.8852,74.82,119.11,934.73,238719
Terrain12_OldCrater,PosB_4000_Lon,PosB,4000,Lon,Sun_350,2048,10.98,3450.13,1059.86,0.0,0.666,0.5131,111.71,206.85,1115.54,138367
Terrain12_OldCrater,PosB_4000_Lon,PosB,4000,Lon,Sun_350,256,10.98,1449.8,1363.28,0.0,0.144,0.9019,67.1,106.77,927.76,243236
Terrain12_OldCrater,PosB_4000_Lon,PosB,4000,Lon,Sun_350,32,10.98,241.08,325.35,0.2064,0.0008,0.8509,74.34,123.17,926.87,229477
Terrain12_OldCrater,PosB_4000_Lon,PosB,4000,Lon,Sun_350,512,10.98,2109.82,1448.9,0.0,0.2634,0.8993,61.16,97.7,894.3,242526
Terrain12_OldCrater,PosB_4000_Lon,PosB,4000,Lon,Sun_350,64,10.98,477.7,616.57,0.0771,0.001,0.8693,74.72,123.4,933.29,234440
Terrain12_OldCrater,PosC_1500_Loff,PosC,1500,Loff,NoSun,1024,,1.13,1.03,1.0,0.0,0.0022,,,,3014
Terrain12_OldCrater,PosC_1500_Loff,PosC,1500,Loff,NoSun,128,,0.61,0.81,1.0,0.0,0.0005,,,,670
Terrain12_OldCrater,PosC_1500_Loff,PosC,1500,Loff,NoSun,2048,,1.73,1.48,1.0,0.0,0.0018,,,,2463
Terrain12_OldCrater,PosC_1500_Loff,PosC,1500,Loff,NoSun,256,,0.67,0.82,1.0,0.0,0.0004,,,,596
Terrain12_OldCrater,PosC_1500_Loff,PosC,1500,Loff,NoSun,32,,0.55,0.8,1.0,0.0,0.0015,,,,1985
Terrain12_OldCrater,PosC_1500_Loff,PosC,1500,Loff,NoSun,4096,,3.01,2.55,0.9999,0.0,0.0019,,,,2569
Terrain12_OldCrater,PosC_1500_Loff,PosC,1500,Loff,NoSun,512,,0.82,0.87,1.0,0.0,0.0009,,,,1271
Terrain12_OldCrater,PosC_1500_Loff,PosC,1500,Loff,NoSun,64,,0.57,0.8,1.0,0.0,0.0012,,,,1644
Terrain12_OldCrater,PosC_1500_Loff,PosC,1500,Loff,NoSun,8192,,5.78,4.69,0.9996,0.0,0.0079,,,,10645
Terrain12_OldCrater,PosC_1500_Loff,PosC,1500,Loff,Sun_180,1024,105.1,773.15,972.85,0.0164,0.025,0.8195,18.57,34.44,78.94,1104493
Terrain12_OldCrater,PosC_1500_Loff,PosC,1500,Loff,Sun_180,128,105.1,105.89,193.27,0.5016,0.0,0.7996,19.62,36.43,91.81,1077672
Terrain12_OldCrater,PosC_1500_Loff,PosC,1500,Loff,Sun_180,2048,105.1,1311.0,1358.92,0.0,0.1132,0.8313,16.92,33.41,85.53,1120404
Terrain12_OldCrater,PosC_1500_Loff,PosC,1500,Loff,Sun_180,256,105.1,208.08,336.02,0.3251,0.0025,0.8055,19.41,36.24,93.09,1085507
Terrain12_OldCrater,PosC_1500_Loff,PosC,1500,Loff,Sun_180,32,105.1,26.61,48.48,0.7974,0.0,0.7811,20.57,38.53,96.68,1052684
Terrain12_OldCrater,PosC_1500_Loff,PosC,1500,Loff,Sun_180,512,105.1,403.29,558.77,0.1619,0.0036,0.8093,19.19,35.64,88.26,1090759
Terrain12_OldCrater,PosC_1500_Loff,PosC,1500,Loff,Sun_180,64,105.1,52.95,97.11,0.6424,0.0,0.797,20.07,37.17,96.04,1074153
Terrain12_OldCrater,PosC_1500_Loff,PosC,1500,Loff,Sun_270,1024,11.24,2161.59,1453.11,0.0,0.2619,0.6759,27.65,50.77,214.97,910922
Terrain12_OldCrater,PosC_1500_Loff,PosC,1500,Loff,Sun_270,128,11.24,675.67,1016.99,0.0672,0.0001,0.7105,39.17,77.65,300.82,957574
Terrain12_OldCrater,PosC_1500_Loff,PosC,1500,Loff,Sun_270,2048,11.24,2889.3,1375.29,0.0,0.4801,0.5608,35.33,63.53,232.62,755748
Terrain12_OldCrater,PosC_1500_Loff,PosC,1500,Loff,Sun_270,256,11.24,1061.68,1333.41,0.007,0.1291,0.7074,34.49,66.7,282.99,953391
Terrain12_OldCrater,PosC_1500_Loff,PosC,1500,Loff,Sun_270,32,11.24,169.96,257.6,0.3771,0.0,0.6937,39.23,75.61,280.55,934842
Terrain12_OldCrater,PosC_1500_Loff,PosC,1500,Loff,Sun_270,512,11.24,1506.18,1408.27,0.0,0.1882,0.6982,29.62,55.81,251.44,941008
Terrain12_OldCrater,PosC_1500_Loff,PosC,1500,Loff,Sun_270,64,11.24,340.22,515.41,0.2253,0.0,0.7014,38.8,75.98,291.26,945292
Terrain12_OldCrater,PosC_1500_Loff,PosC,1500,Loff,Sun_30,1024,104.12,926.87,1053.55,0.0,0.0406,0.7743,16.59,33.89,73.18,1043476
Terrain12_OldCrater,PosC_1500_Loff,PosC,1500,Loff,Sun_30,128,104.12,125.23,169.15,0.4673,0.0,0.7062,19.14,41.19,94.78,951740
Terrain12_OldCrater,PosC_1500_Loff,PosC,1500,Loff,Sun_30,2048,104.12,1538.9,1400.1,0.0,0.14,0.7686,17.06,35.61,77.73,1035897
Terrain12_OldCrater,PosC_1500_Loff,PosC,1500,Loff,Sun_30,256,104.12,250.16,333.43,0.1678,0.0001,0.7216,18.12,38.67,89.79,972564
Terrain12_OldCrater,PosC_1500_Loff,PosC,1500,Loff,Sun_30,32,104.12,31.38,42.01,0.7467,0.0,0.6584,16.75,38.55,111.18,887351
Terrain12_OldCrater,PosC_1500_Loff,PosC,1500,Loff,Sun_30,512,104.12,498.5,654.54,0.0001,0.0006,0.7349,17.53,36.93,85.94,990395
Terrain12_OldCrater,PosC_1500_Loff,PosC,1500,Loff,Sun_30,64,104.12,62.62,84.41,0.5826,0.0,0.6874,16.48,37.14,96.42,926385
Terrain12_OldCrater,PosC_1500_Loff,PosC,1500,Loff,Sun_350,1024,69.99,936.64,1081.44,0.0,0.0327,0.7787,15.43,34.38,88.61,1049465
Terrain12_OldCrater,PosC_1500_Loff,PosC,1500,Loff,Sun_350,128,69.99,121.02,148.67,0.481,0.0,0.7207,15.44,36.21,122.3,971264
Terrain12_OldCrater,PosC_1500_Loff,PosC,1500,Loff,Sun_350,2048,69.99,1546.78,1470.57,0.0,0.1592,0.7973,16.97,36.06,82.53,1074462
Terrain12_OldCrater,PosC_1500_Loff,PosC,1500,Loff,Sun_350,256,69.99,242.12,297.64,0.2831,0.0,0.7389,15.56,35.95,116.75,995786
Terrain12_OldCrater,PosC_1500_Loff,PosC,1500,Loff,Sun_350,32,69.99,30.26,36.83,0.7316,0.0,0.66,14.97,34.26,117.18,889484
Terrain12_OldCrater,PosC_1500_Loff,PosC,1500,Loff,Sun_350,512,69.99,483.89,591.65,0.0295,0.0005,0.7502,15.64,35.31,104.94,1011005
Terrain12_OldCrater,PosC_1500_Loff,PosC,1500,Loff,Sun_350,64,69.99,60.45,74.05,0.5763,0.0,0.702,15.45,35.98,123.02,946140
Terrain12_OldCrater,PosC_1500_Lon,PosC,1500,Lon,NoSun,1024,,44.02,43.25,0.5963,0.0,0.513,18.92,49.01,269.09,691373
Terrain12_OldCrater,PosC_1500_Lon,PosC,1500,Lon,NoSun,128,,5.9,5.51,0.9994,0.0,0.1083,,,,146001
Terrain12_OldCrater,PosC_1500_Lon,PosC,1500,Lon,NoSun,2048,,87.87,86.68,0.393,0.0,0.6443,19.84,47.85,171.21,868326
Terrain12_OldCrater,PosC_1500_Lon,PosC,1500,Lon,NoSun,256,,11.32,10.86,0.984,0.0,0.1874,,,,252587
Terrain12_OldCrater,PosC_1500_Lon,PosC,1500,Lon,NoSun,32,,1.87,1.62,1.0,0.0,0.0345,,,,46456
Terrain12_OldCrater,PosC_1500_Lon,PosC,1500,Lon,NoSun,4096,,175.79,173.67,0.275,0.0,0.7304,19.93,44.88,134.09,984310
Terrain12_OldCrater,PosC_1500_Lon,PosC,1500,Lon,NoSun,512,,22.17,21.6,0.8109,0.0,0.3356,21.72,68.16,425.62,452317
Terrain12_OldCrater,PosC_1500_Lon,PosC,1500,Lon,NoSun,64,,3.2,2.87,1.0,0.0,0.0705,,,,94998
Terrain12_OldCrater,PosC_1500_Lon,PosC,1500,Lon,NoSun,8192,,351.74,347.1,0.157,0.0,0.7722,19.86,42.71,110.0,1040751
Terrain12_OldCrater,PosC_1500_Lon,PosC,1500,Lon,Sun_180,1024,105.1,813.82,969.53,0.0037,0.026,0.8297,16.4,31.52,74.85,1118150
Terrain12_OldCrater,PosC_1500_Lon,PosC,1500,Lon,Sun_180,128,105.1,111.12,193.72,0.4802,0.0,0.8038,17.5,33.7,86.78,1083274
Terrain12_OldCrater,PosC_1500_Lon,PosC,1500,Lon,Sun_180,2048,105.1,1386.15,1340.87,0.0,0.1172,0.8378,14.74,30.71,80.24,1129134
Terrain12_OldCrater,PosC_1500_Lon,PosC,1500,Lon,Sun_180,256,105.1,218.64,336.29,0.2033,0.0026,0.8126,17.3,33.41,86.87,1095173
Terrain12_OldCrater,PosC_1500_Lon,PosC,1500,Lon,Sun_180,32,105.1,27.93,48.61,0.7912,0.0,0.782,18.58,35.86,94.96,1053933
Terrain12_OldCrater,PosC_1500_Lon,PosC,1500,Lon,Sun_180,512,105.1,424.76,559.63,0.0821,0.0036,0.8178,17.0,32.81,80.91,1102201
Terrain12_OldCrater,PosC_1500_Lon,PosC,1500,Lon,Sun_180,64,105.1,55.6,97.42,0.6215,0.0,0.7979,18.18,34.8,94.45,1075325
Terrain12_OldCrater,PosC_1500_Lon,PosC,1500,Lon,Sun_270,1024,11.24,2187.47,1443.4,0.0,0.266,0.6586,24.4,44.87,148.24,887551
Terrain12_OldCrater,PosC_1500_Lon,PosC,1500,Lon,Sun_270,128,11.24,683.49,1021.56,0.0521,0.0002,0.6991,35.99,70.3,267.22,942128
Terrain12_OldCrater,PosC_1500_Lon,PosC,1500,Lon,Sun_270,2048,11.24,2922.48,1345.49,0.0,0.4851,0.5639,32.73,60.09,238.38,759913
Terrain12_OldCrater,PosC_1500_Lon,PosC,1500,Lon,Sun_270,256,11.24,1073.02,1334.17,0.003,0.1299,0.7042,31.03,59.86,237.79,949084
Terrain12_OldCrater,PosC_1500_Lon,PosC,1500,Lon,Sun_270,32,11.24,172.24,259.25,0.3725,0.0,0.6856,36.22,70.31,251.66,923949
Terrain12_OldCrater,PosC_1500_Lon,PosC,1500,Lon,Sun_270,512,11.24,1523.68,1405.44,0.0,0.1895,0.6929,26.26,49.96,204.55,933779
Terrain12_OldCrater,PosC_1500_Lon,PosC,1500,Lon,Sun_270,64,11.24,344.66,518.5,0.2012,0.0,0.6917,35.87,69.77,264.97,932175
Terrain12_OldCrater,PosC_1500_Lon,PosC,1500,Lon,Sun_30,1024,104.12,951.5,1044.91,0.0,0.0404,0.7795,15.9,33.44,72.54,1050550
Terrain12_OldCrater,PosC_1500_Lon,PosC,1500,Lon,Sun_30,128,104.12,128.0,167.45,0.4466,0.0,0.7127,16.28,36.72,96.79,960455
Terrain12_OldCrater,PosC_1500_Lon,PosC,1500,Lon,Sun_30,2048,104.12,1586.33,1382.34,0.0,0.1414,0.777,15.89,33.68,75.8,1047228
Terrain12_OldCrater,PosC_1500_Lon,PosC,1500,Lon,Sun_30,256,104.12,256.34,330.94,0.0772,0.0001,0.729,16.31,35.99,90.33,982416
Terrain12_OldCrater,PosC_1500_Lon,PosC,1500,Lon,Sun_30,32,104.12,32.09,41.64,0.7402,0.0,0.655,15.45,36.16,106.59,882779
Terrain12_OldCrater,PosC_1500_Lon,PosC,1500,Lon,Sun_30,512,104.12,510.76,649.22,0.0012,0.0006,0.7431,16.21,35.03,85.63,1001445
Terrain12_OldCrater,PosC_1500_Lon,PosC,1500,Lon,Sun_30,64,104.12,64.03,83.62,0.5761,0.0,0.6998,16.17,36.94,101.76,943088
Terrain12_OldCrater,PosC_1500_Lon,PosC,1500,Lon,Sun_350,1024,69.99,976.48,1086.7,0.0,0.034,0.7855,14.12,32.27,86.63,1058570
Terrain12_OldCrater,PosC_1500_Lon,PosC,1500,Lon,Sun_350,128,69.99,124.47,148.0,0.4699,0.0,0.727,14.16,33.66,121.54,979826
Terrain12_OldCrater,PosC_1500_Lon,PosC,1500,Lon,Sun_350,2048,69.99,1608.72,1462.48,0.0,0.1652,0.7985,15.63,34.31,82.42,1076115
Terrain12_OldCrater,PosC_1500_Lon,PosC,1500,Lon,Sun_350,256,69.99,249.81,297.21,0.1807,0.0,0.7496,14.12,33.24,113.57,1010250
Terrain12_OldCrater,PosC_1500_Lon,PosC,1500,Lon,Sun_350,32,69.99,31.16,36.71,0.7219,0.0,0.663,13.8,32.79,134.94,893542
Terrain12_OldCrater,PosC_1500_Lon,PosC,1500,Lon,Sun_350,512,69.99,498.69,589.81,0.0178,0.0005,0.7661,14.2,33.49,125.3,1032475
Terrain12_OldCrater,PosC_1500_Lon,PosC,1500,Lon,Sun_350,64,69.99,62.19,73.75,0.5696,0.0,0.7039,14.19,34.31,135.3,948671
